Pruning_Percentage,Batch_Size,N_valid_runs,Avg_CEasy,Avg_B,Avg_n,Avg_CE_l,Std_CE_l,Avg_BN_learn,Std_BN_learn,IPA
0.0,64,100,0.2964518954662244,5.573849272108856,0.8965002419997572,0.4970652152190066,0.014838088000558013,40.35,3.843859066778142,0.04474646537236776
0.1,64,100,0.29668078203272646,5.824903696431164,0.9452629737556782,0.4972712131288584,0.02432319497730744,44.15,5.836795509368288,0.040890461605100514
0.2,64,100,0.2832887278305978,5.804162299930666,0.8786153416406354,0.48521836434694243,0.02429403435220604,52.26,7.704937417400651,0.034775482752527814
0.3,64,100,0.2853168793127551,6.209328643968377,0.9054621414341665,0.48704370068088415,0.0303052628349089,57.89,9.00941707102052,0.03136191729682435
0.4,64,100,0.28237320053341153,6.577440854295443,0.8843574324938425,0.4843943897794749,0.028319978693706775,67.28,9.267168070149804,0.027024237562642255
0.5,64,100,0.27688163678828487,7.144638622610122,0.8457057861569831,0.47945198240886094,0.02585625761028716,83.36,11.93883401240496,0.021870598735426884
0.6,64,100,0.27158350273457177,7.076720934938465,0.7487801319012614,0.474683661760519,0.01433929961173953,109.57,11.93183924962065,0.016682499144232244
0.7,64,100,0.28269598560832426,8.144691804305154,0.7348803619214505,0.4846848963468963,0.023005419779117083,148.9,21.112732526782857,0.012208866330739754
0.8,64,89,0.312400329540752,8.474790646904646,0.6773655327325947,0.5114188058860815,0.019450195474074623,246.38202247191012,37.700827582542274,0.007269874113125175
