file,CEasy,B,n,CE_l,BN_learn
slp_0.9_1024_run_18.txt,0.4652241073104685,8.794979202623121,0.6775789465015949,0.6489602058788262,319.0
slp_0.9_1024_run_20.txt,0.4329574338186055,8.775775170752675,0.6875163271096019,0.6199201997361494,276.0
slp_0.9_1024_run_23.txt,0.4335604333044162,8.697009115105514,0.6768481129186252,0.6204628992733792,304.0
slp_0.9_1024_run_59.txt,0.41730044693795443,8.385807221934162,0.6579469757439745,0.6058289115435636,335.0
slp_0.9_1024_run_64.txt,0.40382941904388114,8.738863603163061,0.6731876778484182,0.5937049864388977,297.0
slp_0.9_1024_run_67.txt,0.3882683242232924,8.968840027149428,0.6732782312075436,0.5797000011003677,308.0
slp_0.9_1024_run_83.txt,0.4530611861748388,8.653207525290918,0.6718440451827429,0.6380135768567594,310.0
slp_0.9_1024_run_84.txt,0.4456130783212099,8.31404793882612,0.6716073434298728,0.6313102797884933,293.0
